{
  "project_info": {
    "project_number": "430650707483",
    "project_id": "dosa-hut-3a8d4",
    "storage_bucket": "dosa-hut-3a8d4.firebasestorage.app"
  },
  "client": [
    {
      "client_info": {
        "mobilesdk_app_id": "1:430650707483:android:f4b9c194bd9ef52deb32be",
        "android_client_info": {
          "package_name": "com.dosahut.app"
        }
      },
      "oauth_client": [
        {
          "client_id": "430650707483-9bv2p9oqm0s6lvu2v6c6fs6vr5k6o8ep.apps.googleusercontent.com",
          "client_type": 3
        }
      ],
      "api_key": [
        {
          "current_key": "AIzaSyArSGFXI4aNIHyEG2kEEmNfh38A08MX0RE"
        }
      ],
      "services": {
        "appinvite_service": {
          "other_platform_oauth_client": [
            {
              "client_id": "430650707483-9bv2p9oqm0s6lvu2v6c6fs6vr5k6o8ep.apps.googleusercontent.com",
              "client_type": 3
            }
          ]
        }
      }
    }
  ],
  "configuration_version": "1"
}